RaceKey,n,baseline_mae,baseline_rmse,model_mae,model_rmse,mae_gain
2025_Japanese Grand Prix,977,0.35071238485158623,0.6205322112341304,0.33453533093343524,0.5202815588022475,0.016177053918150996
2023_Miami Grand Prix,1058,0.42001323251417777,0.5944183715011442,0.3470632718708194,0.487507326793707,0.07294996064335835
2023_British Grand Prix,782,0.42180818414322285,0.6257373921122732,0.3475623990883345,0.5218052164032786,0.07424578505488838
2025_Qatar Grand Prix,902,0.3711873614190688,0.5939194318880969,0.3525990226025156,0.590572183443481,0.018588338816553196
2023_Abu Dhabi Grand Prix,1043,0.4341236816874399,0.6430227074536753,0.3563668090908216,0.524326209786047,0.07775687259661834
2022_Italian Grand Prix,758,0.43376517150395805,0.6241935969216562,0.3599890701799698,0.5322974846944696,0.07377610132398826
2024_Abu Dhabi Grand Prix,902,0.3913447893569845,0.6125497282858428,0.3608133550009826,0.5588830186920644,0.03053143435600192
2025_Italian Grand Prix,897,0.37567558528428063,0.7977674247492693,0.3622795111005432,0.6827072636261241,0.01339607418373745
2023_Italian Grand Prix,859,0.4040058207217695,0.6231299595183655,0.36373141212768884,0.5496581773274629,0.04027440859408066
2024_Miami Grand Prix,914,0.4324879649890587,0.6289650785392471,0.37660156810993584,0.5402383140713605,0.05588639687912289
2022_Canadian Grand Prix,1009,0.469678889990089,0.6967369266056854,0.3829515283551781,0.5447443824946506,0.0867273616349109
2024_Bahrain Grand Prix,1004,0.46971713147410343,0.7604790676610353,0.3877402607801971,0.6298886667342162,0.08197687069390636
2023_Canadian Grand Prix,1107,0.500419150858175,2.6657508474816507,0.39387827680095405,2.0355632608424545,0.10654087405722096
2025_Las Vegas Grand Prix,742,0.4031576819407013,0.587547861215007,0.3944463821815482,0.5685067861217403,0.00871129975915308
2025_Abu Dhabi Grand Prix,1062,0.4357269303201509,0.6629916432510412,0.3944700707945406,0.5725853133255421,0.04125685952561031
2025_Saudi Arabian Grand Prix,792,0.4844911616161613,0.7802936744805402,0.39669895398746385,0.650055929402618,0.08779220762869744
2024_Australian Grand Prix,838,0.4599009546539379,0.737520755745309,0.397511364828446,0.619721197703241,0.062389589825491865
2023_Azerbaijan Grand Prix,826,0.5057191283292978,0.9023589276903989,0.3986947126510193,0.6746036035289187,0.10702441567827847
2024_Dutch Grand Prix,1334,0.48677511244377825,0.7953186522524726,0.401857170690626,0.6495487621286093,0.08491794175315226
2022_Dutch Grand Prix,1119,0.49747095621090254,0.8138924117528358,0.4020566741959801,0.6394239996385723,0.09541428201492241
2025_Austrian Grand Prix,993,0.46883081570996976,0.7043372242600473,0.4136718000996759,0.6097919219051201,0.05515901561029385
2023_Hungarian Grand Prix,1140,0.49853947368421075,0.7721072061050192,0.4218743110230626,0.666354357063854,0.07666516266114815
2022_Austrian Grand Prix,1161,0.5181257536606371,0.977935199331377,0.4242119132351759,0.8113695513040761,0.09391384042546119
2022_Qatar Grand Prix,1161,0.5181257536606371,0.977935199331377,0.4242119132351759,0.8113695513040761,0.09391384042546119
2023_Bahrain Grand Prix,894,0.5243389261744965,0.8497378046721458,0.42433157347974054,0.6905578965936778,0.10000735269475597
2022_Abu Dhabi Grand Prix,1012,0.520221343873518,0.8049406159816495,0.42749999670550054,0.6539367444264014,0.0927213471680175
2024_Belgian Grand Prix,731,0.5212571819425441,0.7567105399776517,0.42825086478329516,0.6282861646746646,0.09300631715924895
2024_Mexico City Grand Prix,1043,0.5029309683604984,0.8380862959752047,0.42949340184249823,0.6987886151510221,0.07343756651800021
2022_Mexico City Grand Prix,1264,0.48095015822784815,0.8092684445523012,0.4405227891570009,0.704280929459638,0.04042736907084726
2025_Dutch Grand Prix,1021,0.4704760039177278,0.7436310022993952,0.4436408552321385,0.6924438556826384,0.02683514868558934
2023_Saudi Arabian Grand Prix,809,0.557006180469716,0.8661612081859426,0.44456222172254745,0.6992486418100216,0.1124439587471685
2024_Qatar Grand Prix,699,0.5635150214592275,1.0049926903128497,0.445133004757538,0.794779463618002,0.11838201670168952
2024_Italian Grand Prix,907,0.5126240352811465,0.7851040226305085,0.44608663045007607,0.6634874712568474,0.06653740483107046
2023_Spanish Grand Prix,1187,0.5226276326874473,0.7996875216396825,0.4473072618235801,0.6810039276213468,0.07532037086386717
2023_Japanese Grand Prix,682,0.556989736070381,0.8770258166047349,0.4511906953122769,0.7189999246326536,0.10579904075810415
2022_São Paulo Grand Prix,923,0.5545644637053085,0.9155601574720048,0.45553110674402525,0.7647376968999997,0.09903335696128329
2025_Mexico City Grand Prix,1133,0.5231747572815535,0.9039918606941301,0.45589150610451035,0.7634645096023802,0.06728325117704315
2025_Bahrain Grand Prix,932,0.5588283261802575,0.8473795013530271,0.457636051010802,0.6812231533522498,0.10119227516945545
2025_Hungarian Grand Prix,1269,0.4891055949566587,0.7644022685806143,0.458512274847575,0.7122385516690961,0.030593320109083666
2024_Saudi Arabian Grand Prix,797,0.5795734002509408,1.0089580983200543,0.472550059584002,0.8268714048783884,0.10702334066693886
2025_São Paulo Grand Prix,1031,0.544148399612027,0.9206412353300856,0.48182297675623925,0.8127160149759168,0.06232542285578774
2025_Azerbaijan Grand Prix,836,0.5923875598086122,1.0535186418417726,0.482412825417807,0.8569465954775338,0.10997473439080524
2022_United States Grand Prix,759,0.5669169960474306,0.7673451949555321,0.4863585806642249,0.6590936324535726,0.08055841538320574
2024_Azerbaijan Grand Prix,861,0.5537166085946577,0.8422469725881563,0.4864116877943544,0.7717959754137321,0.06730492080030326
2024_United States Grand Prix,918,0.5673649237472764,1.0753555023465566,0.4895987162060157,0.9200313486140821,0.07776620754126073
2022_Azerbaijan Grand Prix,744,0.5806881720430108,0.9104369888974684,0.4907193758677671,0.7388585094141668,0.08996879617524373
2023_United States Grand Prix,899,0.548018909899889,0.8541034270339808,0.4922884056568985,0.785961016738149,0.055730504242990475
2025_United States Grand Prix,943,0.565391304347826,1.4642287587328415,0.4986102007188086,1.1095773134604137,0.0667811036290174
2024_Singapore Grand Prix,1089,0.5983921028466485,0.9429385194291959,0.5115063722618057,0.7866687458076601,0.08688573058484272
2023_Qatar Grand Prix,816,0.6380894607843135,0.9803204351829327,0.5230414320339782,0.8001099403745524,0.11504802875033526
2024_Hungarian Grand Prix,1234,0.6360737439222042,1.0293659174746106,0.5471047157685486,0.8797098579875314,0.0889690281536556
2022_Saudi Arabian Grand Prix,633,0.6447582938388625,1.4201119418307047,0.5598295795445809,1.3528101012436764,0.08492871429428162
2022_Australian Grand Prix,794,0.694345088161209,1.0206495141479657,0.571778231498757,0.8414405255138101,0.12256685666245204
2025_Spanish Grand Prix,971,0.6762935118434605,1.040667379248889,0.5934762468817144,0.8966701439484839,0.08281726496174613
2024_Las Vegas Grand Prix,806,0.7269131513647641,1.0270183275683498,0.6001298420869168,0.833732906250539,0.1267833092778473
2022_Spanish Grand Prix,1084,0.7030064575645755,1.1982526935198916,0.6113111387090628,1.0510133034389075,0.09169531885551263
2022_Bahrain Grand Prix,873,0.7293081328751431,1.121340833379758,0.6266786981272537,0.9412834790427771,0.10262943474788933
2022_Belgian Grand Prix,627,0.7649186602870812,1.1122965538040948,0.6295443348319993,0.8717013319962479,0.13537432545508188
2023_Las Vegas Grand Prix,719,0.8507788595271211,1.1973935950299037,0.6440289391712399,0.8786204910314952,0.20674992035588113
2024_Monaco Grand Prix,1171,0.8637309991460289,1.3903860785698285,0.6609516503960627,1.0343532942253741,0.20277934874996617
2023_Australian Grand Prix,750,0.932792,2.723426284664228,0.6689039551806251,1.9097189687432898,0.2638880448193749
2023_Singapore Grand Prix,940,0.8903893617021275,1.642222595506312,0.7096025044859638,1.3978237906427735,0.1807868572161636
2024_Japanese Grand Prix,767,1.2794550195567143,4.867065073557957,0.7762729775153642,2.43888804665913,0.5031820420413501
2025_Monaco Grand Prix,1251,0.9844852118305358,1.3763221629556817,0.9603804268962369,1.2964913910697038,0.024104784934298906
2023_Mexico City Grand Prix,1112,1.5775818345323738,7.302627896527652,1.0432844346562442,4.958793843476673,0.5342973998761296
